Some Chords,7nQqukBuClFtuaegbRAdNP,4x4=12,47MVgO7XNmxzoYSJIvqxAG
Sofi Needs a Ladder,2KlnmRIHandZIyEuZF8cZs,4x4=12,47MVgO7XNmxzoYSJIvqxAG
City in Florida,0uWBxatLqMmMRrBBij6y9c,4x4=12,47MVgO7XNmxzoYSJIvqxAG
Bad Selection,4Qrq7tHuWmdc7aFu9WhwW9,4x4=12,47MVgO7XNmxzoYSJIvqxAG
Animal Rights,2DHDdNrGxqVfskQKZ3iTmj,4x4=12,47MVgO7XNmxzoYSJIvqxAG
I Said - Michael Woods Remix,4mzaDfYB2pTvBmS1ocVkEJ,4x4=12,47MVgO7XNmxzoYSJIvqxAG
Right This Second,6XiIRJj7xO62wWQYn7iWPo,4x4=12,47MVgO7XNmxzoYSJIvqxAG
Raise Your Weapon,4opuJhE5VH8Yg8YRnr1m8m,4x4=12,47MVgO7XNmxzoYSJIvqxAG
One Trick Pony,56WVULdTfBLm31VzVHXKeV,4x4=12,47MVgO7XNmxzoYSJIvqxAG
Everything Before,2jH7D9X8ceClU1RBABvTQj,4x4=12,47MVgO7XNmxzoYSJIvqxAG
Ghosts 'n' Stuff,4hoLGu75HMgNzt2QTgfowe,5 years of mau5,4uKFNr3KNqr4zeLWJfBC66
Raise Your Weapon,4tjzKdP7PiP6njhY6JyJtF,5 years of mau5,4uKFNr3KNqr4zeLWJfBC66
I Remember,5kv9vZaepfhLvGLY7ZCGCn,5 years of mau5,4uKFNr3KNqr4zeLWJfBC66
Some Chords,3k0v4xBO1lkzK2ii6sfKQv,5 years of mau5,4uKFNr3KNqr4zeLWJfBC66
Strobe - Club Edit,07KpFg1TiRmyCWFlIrGJf5,5 years of mau5,4uKFNr3KNqr4zeLWJfBC66
The Veldt - 8 Minute Edit,3Gypwxzrov1uVkswB7sSSy,5 years of mau5,4uKFNr3KNqr4zeLWJfBC66
Brazil - 2nd Edit,5CX19RynzN2Izq6JQj862Z,5 years of mau5,4uKFNr3KNqr4zeLWJfBC66
Aural Psynapse,3xUIgEKYLVZNAvT9umSijn,5 years of mau5,4uKFNr3KNqr4zeLWJfBC66
Not Exactly,3xNG0ASp2U6XGmQT8BlFK8,5 years of mau5,4uKFNr3KNqr4zeLWJfBC66
Sofi Needs A Ladder,3MeeG38qCzp15leTP77ePx,5 years of mau5,4uKFNr3KNqr4zeLWJfBC66
Some Chords - Dillon Francis Remix,1vaERuuvXxH9jJ3TbhZ12L,5 years of mau5,4uKFNr3KNqr4zeLWJfBC66
Ghosts 'n' Stuff - Chuckie Remix,2sXNZDQYXjAcmriH1fvDK3,5 years of mau5,4uKFNr3KNqr4zeLWJfBC66
The Veldt (deadmau5 Vs. Eric Prydz Edit),4rHk2tXZ0r8HCKsPLqXQPT,5 years of mau5,4uKFNr3KNqr4zeLWJfBC66
Maths - Botnek Remix,4aOiOA6b5k81AMmeHEvsnW,5 years of mau5,4uKFNr3KNqr4zeLWJfBC66
Raise Your Weapon - Madeon Extended Remix,6fZxSrBt0IPIuIlhlUI2da,5 years of mau5,4uKFNr3KNqr4zeLWJfBC66
Strobe - Michael Woods 2014 Remix,4nPucjNQyWwU9BUtkXO4df,5 years of mau5,4uKFNr3KNqr4zeLWJfBC66
I Remember - Shiba San Remix,7iKZvpF3lAixdn92pY0tG5,5 years of mau5,4uKFNr3KNqr4zeLWJfBC66
Raise Your Weapon - Wax Motif Remix,2bd84Af4oy6UWPda8K4nbW,5 years of mau5,4uKFNr3KNqr4zeLWJfBC66
Sofi Needs A Ladder - Pig&Dan Remix,1QuAY1eYz1Vl0R9ZSvQc81,5 years of mau5,4uKFNr3KNqr4zeLWJfBC66
Ghosts ‘n’ Stuff - NERO Remix,0iTzJzy5qBL4NaEDyi1HMK,5 years of mau5,4uKFNr3KNqr4zeLWJfBC66
Raise Your Weapon,5TLzLDXW1DyZvzTsDvRIy3,5 years of mau5,4uKFNr3KNqr4zeLWJfBC66
Superliminal,0VfKj5AuF9uis7Dn8l7LPv,> album title goes here <,4zksvtV0HswF5ZRJS9QsfX
Channel 42,205OX0j3oM5tgUHhyGGmSs,> album title goes here <,4zksvtV0HswF5ZRJS9QsfX
The Veldt - 8 Minute Edit,7oPqRSubaWcDb5F68aw3P6,> album title goes here <,4zksvtV0HswF5ZRJS9QsfX
Fn Pig,0IQLPV5on0VJptQyAs30If,> album title goes here <,4zksvtV0HswF5ZRJS9QsfX
Professional Griefers - Vocal Mix,2AqazcPtVXn7uhFIyInNNp,> album title goes here <,4zksvtV0HswF5ZRJS9QsfX
Maths - Original Mix,0KjChHU68Ey2hAE9KwfEdR,> album title goes here <,4zksvtV0HswF5ZRJS9QsfX
There might be coffee,6EhZ4KKnDsDt1WECQmqpxh,> album title goes here <,4zksvtV0HswF5ZRJS9QsfX
Take care of the proper paperwork,40KBfdBdpVXxD1IMWmjPvZ,> album title goes here <,4zksvtV0HswF5ZRJS9QsfX
Closer,5kdeqGI42raYlxtZmdZCHE,> album title goes here <,4zksvtV0HswF5ZRJS9QsfX
October,2fcR7PCgVILgovq14wK39g,> album title goes here <,4zksvtV0HswF5ZRJS9QsfX
Sleepless,781KGu6ckiXdOYmgkzRJ42,> album title goes here <,4zksvtV0HswF5ZRJS9QsfX
Failbait - Original Mix,67PaghTVpK6ebWYUARQ02y,> album title goes here <,4zksvtV0HswF5ZRJS9QsfX
Telemiscommunications,284N7w8a1WjvIPfCzeeOWT,> album title goes here <,4zksvtV0HswF5ZRJS9QsfX
Afterhours,7qsvQRnrKBTH948NgeyMfl,At Play,3xp9A0kXzxqUztRASTjVD5
Hey Baby,5T6NjHZkbAPE3sZJAPWCVA,At Play,3xp9A0kXzxqUztRASTjVD5
Sex Slave,5NfEX0VGlO50RsyVnLQsyt,At Play,3xp9A0kXzxqUztRASTjVD5
Cocktail Queen,0E6mKBf3PkHl95j8QpFMB7,At Play,3xp9A0kXzxqUztRASTjVD5
Something Inside Me,5vjCFM7JLjmwBZlZV0kG4T,At Play,3xp9A0kXzxqUztRASTjVD5
Attention Whore,1ySlkZJ5v9cqEDXxCxNsVo,At Play,3xp9A0kXzxqUztRASTjVD5
Whispers,10Ej2xZnKRSTwb6VFi5bAS,At Play,3xp9A0kXzxqUztRASTjVD5
Sex Slave - deadmau5 Make Me Make That Sound Remix,2t76u0KHZ1yaxtaGrCeBhs,At Play,3xp9A0kXzxqUztRASTjVD5
Hey Baby - deadmau5 Mellygasm Remix,4i7sqKHfjJ8S2eXFPcJ0On,At Play,3xp9A0kXzxqUztRASTjVD5
Afterhours - deadmau5 Smoothy House Remix,6YBzYp7HfbLtZbmB2Zq04g,At Play,3xp9A0kXzxqUztRASTjVD5
Outta My Life - deadmau5 Touch Remix,0ppULK7MiVWNlbAGvaRsBR,At Play Vol. 2,7yYix5bdURcdnlmHTaitEz
Attention Whore,4LfKP5gn7BhgVVcUqQIN7o,At Play Vol. 2,7yYix5bdURcdnlmHTaitEz
Mr G,7MwzZjPYw5wJUBpS6Ns6va,At Play Vol. 2,7yYix5bdURcdnlmHTaitEz
Reduction,6udiVcpdM64ocfdNl9Bt8L,At Play Vol. 2,7yYix5bdURcdnlmHTaitEz
This Is Also The Hook,2oOwGZg7achgo0ZU2FMZCq,At Play Vol. 2,7yYix5bdURcdnlmHTaitEz
Orca,4ErkppfwyNLIcGhkYmkN8a,At Play Vol. 2,7yYix5bdURcdnlmHTaitEz
Tau V2,683qAflytnzppTkrPdiTNd,At Play Vol. 2,7yYix5bdURcdnlmHTaitEz
Sex Slave,6zV4qCPJ9hcVFZkqw2AyaQ,At Play Vol. 2,7yYix5bdURcdnlmHTaitEz
This Noise,2adsXGgcX5ZtwodRV3LseX,At Play Vol. 2,7yYix5bdURcdnlmHTaitEz
R My Dreams,0neX9ScK70pcUmPqhlyqOP,At Play Vol. 2,7yYix5bdURcdnlmHTaitEz
Cyclic Redundancy,5lGDv6z5IkIPfyyKr9JRbv,At Play Vol. 3,5AzAgASWg9uetYvwOKOLFQ
Apply Overnight,03fEjqLYPTZOox6IXwFL6P,At Play Vol. 3,5AzAgASWg9uetYvwOKOLFQ
Plus,3ZqXxuavQczcTX1t359gv8,At Play Vol. 3,5AzAgASWg9uetYvwOKOLFQ
Lai,6yl9V2af8NxUCDv6CCnqOp,At Play Vol. 3,5AzAgASWg9uetYvwOKOLFQ
TL7,4oorhtijBU6RORW3DqqApM,At Play Vol. 3,5AzAgASWg9uetYvwOKOLFQ
Bounce,6N1WTKUPwlfyJP4OOJP8wf,At Play Vol. 3,5AzAgASWg9uetYvwOKOLFQ
Full Bloom,1JoMagnANiOC3IfYeIx2nb,At Play Vol. 3,5AzAgASWg9uetYvwOKOLFQ
Templar,3vQvyIsrVaM7TBzdwoIZ9e,At Play Vol. 3,5AzAgASWg9uetYvwOKOLFQ
Stereo Fidelity,7q6ngpPvSMcVf9nSRKkz2O,At Play Vol. 3,5AzAgASWg9uetYvwOKOLFQ
Whispers - deadmau5 Remix,25sYriuqKhmPzSU8Cyi1eA,At Play Vol. 3,5AzAgASWg9uetYvwOKOLFQ
I Like Your Music,4XPd6FnhrM4vPNXpwJsGOg,At Play Vol. 4,5xjXARHTm4YSmQPDDFZO0W
Point Vanishes,4X2itmXvU04PCneaZROmqD,At Play Vol. 4,5xjXARHTm4YSmQPDDFZO0W
Trepid,0BHru0MhAEkNDugjxUy3Ai,At Play Vol. 4,5xjXARHTm4YSmQPDDFZO0W
Sex Lies Audiotape - Redux Remix,2gOpk25jnnuXC6C6CZ6Lz3,At Play Vol. 4,5xjXARHTm4YSmQPDDFZO0W
Something Inside Me - Electro Remix,6xMcA4BhWWYn0Tc0im53oe,At Play Vol. 4,5xjXARHTm4YSmQPDDFZO0W
Tau V1,1ZVHNJaiUNegpjn040DmRH,At Play Vol. 4,5xjXARHTm4YSmQPDDFZO0W
GH,5lffEBLZkujJq35S1DTxJJ,At Play Vol. 4,5xjXARHTm4YSmQPDDFZO0W
Subvert,4dSvKeEsRET9n0HpTsCztC,At Play Vol. 4,5xjXARHTm4YSmQPDDFZO0W
1891,7C4kU6EFodZaS2vnRgGlXH,At Play Vol. 4,5xjXARHTm4YSmQPDDFZO0W
Fustercluck,3CZ6Mud4NykTMo1Qjigy97,At Play Vol. 4,5xjXARHTm4YSmQPDDFZO0W
Bitter Kitten,6hNrxNBOuifMjc5MOhAurO,"deadmau5 At Play, Vol. 5",7EfWC42oCPkqWKF0E5YCcm
Overdraft,1JIsiXNdK1etlIqP6wnVUX,"deadmau5 At Play, Vol. 5",7EfWC42oCPkqWKF0E5YCcm
Fallen,2gJvg54mUopXG7mCizmrMk,"deadmau5 At Play, Vol. 5",7EfWC42oCPkqWKF0E5YCcm
I Like Your Music - deadmau5 Velvet Remix,0kIo6oT8kfj9h2snOHbr87,"deadmau5 At Play, Vol. 5",7EfWC42oCPkqWKF0E5YCcm
Assorted,0qS2gqAOih5GFU6oxjIIOx,"deadmau5 At Play, Vol. 5",7EfWC42oCPkqWKF0E5YCcm
Afterhours - Electro House Mix,0X5naye3DzZ6j3acJu8JPd,"deadmau5 At Play, Vol. 5",7EfWC42oCPkqWKF0E5YCcm
This Noise - Deeper Logic Mix,1aUT8xkfcs1FIGL5mDuWaN,"deadmau5 At Play, Vol. 5",7EfWC42oCPkqWKF0E5YCcm
All U Ever Want,2sxgUzpRiyOUgGVsxogOul,"deadmau5 At Play, Vol. 5",7EfWC42oCPkqWKF0E5YCcm
Stereo Fidelity - deadmau5 Unorganized Remix,53aHbrvKkVykaPQCZN7aHf,"deadmau5 At Play, Vol. 5",7EfWC42oCPkqWKF0E5YCcm
Outta My Life - deadmau5 Deep Dub Remix,62wKZQX2bp83pCKvbhZhCo,"deadmau5 At Play, Vol. 5",7EfWC42oCPkqWKF0E5YCcm
Random Album Title - Continuous Mix,4KCmImhUtzdD9wtsyfiUlu,For Lack Of A Better Album Title,0w9IOGzMnFxLzISgcnI11T
For Lack Of A Better Name - Mixed Version,08QXiceIwOreYSi52wkmfS,For Lack Of A Better Album Title,0w9IOGzMnFxLzISgcnI11T
"Sometimes Things Get, Whatever",34n7CRd4Yqva2fA3Sr2eky,For Lack Of A Better Album Title,0w9IOGzMnFxLzISgcnI11T
Complications,6NO3qsiHRiGPevxFux1Dr8,For Lack Of A Better Album Title,0w9IOGzMnFxLzISgcnI11T
Slip,47ymLGjHgZAte21sobIxuS,For Lack Of A Better Album Title,0w9IOGzMnFxLzISgcnI11T
Some Kind Of Blue,26b8I3fJ9fNTLqGswAAqMZ,For Lack Of A Better Album Title,0w9IOGzMnFxLzISgcnI11T
Brazil - 2nd Edit,5J6GBLzWJtDBiHq20jZC3m,For Lack Of A Better Album Title,0w9IOGzMnFxLzISgcnI11T
Alone With You,4xy8fOypLvH8d2Wq0iRTZM,For Lack Of A Better Album Title,0w9IOGzMnFxLzISgcnI11T
I Remember,1bx4iBvaMkv4AeObSnIWAE,For Lack Of A Better Album Title,0w9IOGzMnFxLzISgcnI11T
Not Exactly,7nzHZcm3YGRZhOnOm6sk1y,For Lack Of A Better Album Title,0w9IOGzMnFxLzISgcnI11T
Arguru,0MGgYDoaPHRcy2mdfqzSth,For Lack Of A Better Album Title,0w9IOGzMnFxLzISgcnI11T
So There I Was,4837ICOWQfNnDySswiDThX,For Lack Of A Better Album Title,0w9IOGzMnFxLzISgcnI11T
FML,4C1Ow4ubb6Kpu5ISHKFfV1,For Lack Of A Better Album Title,0w9IOGzMnFxLzISgcnI11T
Moar Ghosts 'n' Stuff,4vcOnWsH3ZVXEmcCHSN8QB,For Lack Of A Better Album Title,0w9IOGzMnFxLzISgcnI11T
Ghosts 'n' Stuff,3ogKgb8reIWXqqwhvewzkq,For Lack Of A Better Album Title,0w9IOGzMnFxLzISgcnI11T
Hi Friend - Vocal Mix,35CjjfGzeguTaZBs2a4DtC,For Lack Of A Better Album Title,0w9IOGzMnFxLzISgcnI11T
Bot,00gCAZR5vEvUrBzQaF3Dcg,For Lack Of A Better Album Title,0w9IOGzMnFxLzISgcnI11T
Word Problems,1jwBVQlSyptI1CnyHhwm72,For Lack Of A Better Album Title,0w9IOGzMnFxLzISgcnI11T
Soma,0DJuokJW1DSJInooTqxtsD,For Lack Of A Better Album Title,0w9IOGzMnFxLzISgcnI11T
Lack Of A Better Name,5tqt2A303E8CH5GxMB3ukn,For Lack Of A Better Album Title,0w9IOGzMnFxLzISgcnI11T
The 16th Hour,747DuQZoDlCMKl27GtpiBP,For Lack Of A Better Album Title,0w9IOGzMnFxLzISgcnI11T
Strobe,1dtXQHutjKSKOKvXoXEo2c,For Lack Of A Better Album Title,0w9IOGzMnFxLzISgcnI11T
Moar Ghosts ‘N’ Stuff,4itqcnGvi07cvMBj0RWbNb,For Lack Of A Better Album Title,0w9IOGzMnFxLzISgcnI11T
Not Exactly - Live,2AfYrIBdCbOHOOI2hLRHJj,For Lack Of A Better Album Title,0w9IOGzMnFxLzISgcnI11T
FML,624AQbbtSdfr3moV60Y9bJ,For Lack of a Better Name,6joEzRLMbBupLqV2MHQO6A
Moar Ghosts n Stuff,6bOX1MFfYqjsa6GdxqdAo3,For Lack of a Better Name,6joEzRLMbBupLqV2MHQO6A
Ghosts 'n' Stuff (feat. Rob Swire),3dDmkbYfVPpFY9PLCZQxAT,For Lack of a Better Name,6joEzRLMbBupLqV2MHQO6A
Hi Friend!,4i3eQxAUbQDzLZxWxlcpaL,For Lack of a Better Name,6joEzRLMbBupLqV2MHQO6A
Bot,5t0KekfGtY92eoYb21jrkI,For Lack of a Better Name,6joEzRLMbBupLqV2MHQO6A
Word Problems,6dd1te2C9SzZtANUSvKhuN,For Lack of a Better Name,6joEzRLMbBupLqV2MHQO6A
Soma,3TcH1ayild1Puk4XsnrJiz,For Lack of a Better Name,6joEzRLMbBupLqV2MHQO6A
Lack Of A Better Name,6jfrT0w2ft4ejHbcFyFyrD,For Lack of a Better Name,6joEzRLMbBupLqV2MHQO6A
The 16th Hour,1J96gJMAcqtexFP4qna0mK,For Lack of a Better Name,6joEzRLMbBupLqV2MHQO6A
Strobe,58wDfZrOByUJpigigbi34A,For Lack of a Better Name,6joEzRLMbBupLqV2MHQO6A
FML,2Y4uPL2f4RwkJHvbIvcAgX,For Lack of a Better Name (The Extended Mixes),3eNZDL2rqTVvmiC1f0yFwF
Moar Ghosts 'n' Stuff,2lXzgU19U9cSZLJtawjob6,For Lack of a Better Name (The Extended Mixes),3eNZDL2rqTVvmiC1f0yFwF
Ghosts 'n' Stuff,3ezkJgagRPZ39KCTrKcSI7,For Lack of a Better Name (The Extended Mixes),3eNZDL2rqTVvmiC1f0yFwF
Hi Friend!,0PXbvWyX7FMhWHD4JvBKOq,For Lack of a Better Name (The Extended Mixes),3eNZDL2rqTVvmiC1f0yFwF
Bot,1WCkOh8DBTi0ktesVuqcKC,For Lack of a Better Name (The Extended Mixes),3eNZDL2rqTVvmiC1f0yFwF
Word Problems,5JOWZavEaoKPARudzH4ugN,For Lack of a Better Name (The Extended Mixes),3eNZDL2rqTVvmiC1f0yFwF
Soma,7E4UUaxBMEzP83V65PSI0r,For Lack of a Better Name (The Extended Mixes),3eNZDL2rqTVvmiC1f0yFwF
Lack of a Better Name,0oNuPoybYbI8XoawreOAZ8,For Lack of a Better Name (The Extended Mixes),3eNZDL2rqTVvmiC1f0yFwF
The 16th Hour,29xGrKgIngqPwIToqmdbQl,For Lack of a Better Name (The Extended Mixes),3eNZDL2rqTVvmiC1f0yFwF
Strobe,31NiyZrUd1r4icY7xkvnWv,For Lack of a Better Name (The Extended Mixes),3eNZDL2rqTVvmiC1f0yFwF
imaginary friends (ov) - Morgan Page Remix,135PhRbhxy0dROwZ5AyGhM,here's the drop!,4sfJkir9qAPD7UqzG3z3uV
luxuria (ov) - Tinlicker Remix,5ufaAwg46yyNGdgkDz987H,here's the drop!,4sfJkir9qAPD7UqzG3z3uV
coelacanth (ov) - Gregory Reveret Remix,1gunXVRX16gyDrUBBttwHI,here's the drop!,4sfJkir9qAPD7UqzG3z3uV
acedia (ov) - Rinzen Remix,19GGgU1bwsgH8bVezH3qDS,here's the drop!,4sfJkir9qAPD7UqzG3z3uV
avaritia (ov) - Seismal D Remix,6hGOoQp050JnrK0XkMhWrj,here's the drop!,4sfJkir9qAPD7UqzG3z3uV
monophobia (ov) - Sian Remix,5BzoyptIHnxZ6usqzJZI5g,here's the drop!,4sfJkir9qAPD7UqzG3z3uV
gula (ov) - Pig&Dan Remix,1vO4RYFcl85oihu00zVsEK,here's the drop!,4sfJkir9qAPD7UqzG3z3uV
invidia (ov) - No Mana Remix,1VFQdTpGdU2aN6nN7zm0HU,here's the drop!,4sfJkir9qAPD7UqzG3z3uV
unjaded (ov) - Mad Zach Remix,1PBsATfeK4dFhnFnhcsf8Z,here's the drop!,4sfJkir9qAPD7UqzG3z3uV
ira (ov) - Gallya Remix,7AhnEuPzLOdPyLrHVaFHn7,here's the drop!,4sfJkir9qAPD7UqzG3z3uV
fn pig (ov) - Spencer Brown Remix,19DcjoKl2YWtrJaME3BxTJ,here's the drop!,4sfJkir9qAPD7UqzG3z3uV
hr 8938 cephei (ov) - Mr. Bill Remix,3F03DZ1GidlpHrWe9UCKdZ,here's the drop!,4sfJkir9qAPD7UqzG3z3uV
superbia (ov) - Matt Lange Remix,7BLU6II2pyB1c1r2jEjWk9,here's the drop!,4sfJkir9qAPD7UqzG3z3uV
caritas (ov) - Dom Kane Remix,6VVCzeSonxurcUsl7SXSyS,here's the drop!,4sfJkir9qAPD7UqzG3z3uV
strobe (ov) - PEEKABOO Remix,29ikoHxJWQLOiqXQ9ui1MI,here's the drop!,4sfJkir9qAPD7UqzG3z3uV
Monophobia,2nLgWMdYPO35GGpwX2xo23,mau5ville: Level 1,1DH1jrRHjCyAEDwTmHmMZe
All Is Lost,5cxKaqhE6tXXrXe5R6lF38,mau5ville: Level 1,1DH1jrRHjCyAEDwTmHmMZe
Something Like,5Ivk074BYY9DeLBwdKKdjd,mau5ville: Level 1,1DH1jrRHjCyAEDwTmHmMZe
Monophobia - Rinzen Remix,1mwpOZ0S2lcBzCiiyWdgEs,mau5ville: Level 1,1DH1jrRHjCyAEDwTmHmMZe
Monophobia - Latroit Extended Remix,5L2WAdyDb87tmt5yM7Sd5v,mau5ville: Level 1,1DH1jrRHjCyAEDwTmHmMZe
Monophobia - ATTLAS Remix,4k5zckxagCQr8aPmHnPVyn,mau5ville: Level 1,1DH1jrRHjCyAEDwTmHmMZe
Nyquist,2vPlEZrLXYhZkMzEFyfroi,mau5ville: Level 1,1DH1jrRHjCyAEDwTmHmMZe
Monophobia - Extended Mix,4WkLyrueqyBQRAifCV0Ind,mau5ville: Level 1,1DH1jrRHjCyAEDwTmHmMZe
Drama Free,05OUNj7yQ6TBTQ4YZib8zv,mau5ville: Level 2,1tTr7VbxsX7ZqGpPCx2Br4
Drama Free - Chris Lorenzo Remix,1nNHyFaopXQu4gPazu3J2r,mau5ville: Level 2,1tTr7VbxsX7ZqGpPCx2Br4
10.8,3NTjsNfsZ7Rdy0yIIbYIEE,mau5ville: Level 2,1tTr7VbxsX7ZqGpPCx2Br4
GG,111zgSTqpYuYcc72gpwr2y,mau5ville: Level 2,1tTr7VbxsX7ZqGpPCx2Br4
GG - Gallya Remix,2222BIBXuVDMp7qBZ2i1H3,mau5ville: Level 2,1tTr7VbxsX7ZqGpPCx2Br4
GG - Monstergetdown Remix,0DIBErFRq4arZ27GeLnpmQ,mau5ville: Level 2,1tTr7VbxsX7ZqGpPCx2Br4
Sunlight,7zTjMleye2x3lJx2fKoJrV,mau5ville: Level 2,1tTr7VbxsX7ZqGpPCx2Br4
Boui,1UtnTrr090vbiVeGdXVONo,mau5ville: Level 2,1tTr7VbxsX7ZqGpPCx2Br4
Polyphobia,5eXAwRzk8mBnLilhGLVLOF,mau5ville: Level 3,4GeNdEYBTmiJ1BDhd9fazL
Glivch,2JR05XLWCeqJRiNktJOlUR,mau5ville: Level 3,4GeNdEYBTmiJ1BDhd9fazL
Are You Not Afraid,5W5K3zpDX9yhhGOc0Hvvl4,mau5ville: Level 3,4GeNdEYBTmiJ1BDhd9fazL
Are You Not Afraid - J. Worra F No Remix,2ZvW0yOrdHycJWal3ERDFT,mau5ville: Level 3,4GeNdEYBTmiJ1BDhd9fazL
Are You Not Afraid - C.O.Z Remix,2yxh3AWdETRse742Efnylx,mau5ville: Level 3,4GeNdEYBTmiJ1BDhd9fazL
Hurricane,0nGcdu3eovBrfZ01npAxZg,mau5ville: Level 3,4GeNdEYBTmiJ1BDhd9fazL
Hurricane - Mark Mackenzie Remix,4T4GPDaUxMZuusjpHHFAnb,mau5ville: Level 3,4GeNdEYBTmiJ1BDhd9fazL
Hurricane - OFFAIAH Remix,614KsI5FxdrjMZUUNTBjLs,mau5ville: Level 3,4GeNdEYBTmiJ1BDhd9fazL
Quests with Time Limits,03xoXJTPcTSNgFcbmePCO9,mau5ville: Level 3,4GeNdEYBTmiJ1BDhd9fazL
Over,4nILP8YPZYeCIQTSyYqVJ4,mau5ville: Level 3,4GeNdEYBTmiJ1BDhd9fazL
somb,5geEoU8IbjswskpftvbOl2,Polar (Music from the Netflix Film),3kAKiw0kRCuSXsTBWbBc9X
cabin,7yKMGeJM3EjNrS6QXnY6xP,Polar (Music from the Netflix Film),3kAKiw0kRCuSXsTBWbBc9X
chill,2yX8nS9n0uZ70OrnUYpkyW,Polar (Music from the Netflix Film),3kAKiw0kRCuSXsTBWbBc9X
sniper,1NuJFMMzqwZ1lRxjI7o0Ws,Polar (Music from the Netflix Film),3kAKiw0kRCuSXsTBWbBc9X
torture,1wG1ArVuLF213nC5tkNLee,Polar (Music from the Netflix Film),3kAKiw0kRCuSXsTBWbBc9X
midas heel,3iX4gxfTGH6XQ5Y0Wl12MQ,Polar (Music from the Netflix Film),3kAKiw0kRCuSXsTBWbBc9X
drugs,0X55ObyUBOxG3lgYOsaG2P,Polar (Music from the Netflix Film),3kAKiw0kRCuSXsTBWbBc9X
wilhelm,1i7R2nENJySeUOTQTBpGlv,Polar (Music from the Netflix Film),3kAKiw0kRCuSXsTBWbBc9X
main,4wUA7jxVk25M0wyGEYG0oW,Polar (Music from the Netflix Film),3kAKiw0kRCuSXsTBWbBc9X
nosedive,5rtXelI2ZRBCpTGgstkGY2,Polar (Music from the Netflix Film),3kAKiw0kRCuSXsTBWbBc9X
camilla,0NHfrrB1i1BE19q3X6ayB9,Polar (Music from the Netflix Film),3kAKiw0kRCuSXsTBWbBc9X
end,3wYSViGgjRUK38Dqh83Y5p,Polar (Music from the Netflix Film),3kAKiw0kRCuSXsTBWbBc9X
drama free,2DOu1SALRUrrNVnZmth8UL,Polar (Music from the Netflix Film),3kAKiw0kRCuSXsTBWbBc9X
"Sometimes Things Get, Whatever",3wDhTopU0VOhT2WOjxXiiJ,Random Album Title,64SsM8JQXemXaXvHOmRTJe
Complications,6J48uY18ddqbRdtfguF6aN,Random Album Title,64SsM8JQXemXaXvHOmRTJe
Slip,0rdp0PuJUfn7AMJiLUWXix,Random Album Title,64SsM8JQXemXaXvHOmRTJe
Some Kind of Blue,2xztef2lvVbtKYQw1dZ1fG,Random Album Title,64SsM8JQXemXaXvHOmRTJe
Brazil - 2nd Edit,404XVYvPeOS4KiQRUervnH,Random Album Title,64SsM8JQXemXaXvHOmRTJe
Alone with You,6QIAa4r88DstSm7HFoZCn5,Random Album Title,64SsM8JQXemXaXvHOmRTJe
I Remember,796D36lWeLRHSP95uEyfBh,Random Album Title,64SsM8JQXemXaXvHOmRTJe
Not Exactly,0rWEkMZhwIyjdvo1PosBmv,Random Album Title,64SsM8JQXemXaXvHOmRTJe
Arguru,3q9yeq1wbosxBpYY7Dtxwa,Random Album Title,64SsM8JQXemXaXvHOmRTJe
So There I Was,0FhMTf89gOBbFboNHmkXAH,Random Album Title,64SsM8JQXemXaXvHOmRTJe
"Sometimes Things Get, Whatever",2gF70vLz9tbG1mCNvBi7Tr,Random Album Title (Unmixed Extended Versions),1vN0ln5O00vAWe5FEmUUst
Complications,3BYD7cxBOe4DRZ5WJD9ic7,Random Album Title (Unmixed Extended Versions),1vN0ln5O00vAWe5FEmUUst
Slip,2pTUcwRWfvRtU7pODqCsvK,Random Album Title (Unmixed Extended Versions),1vN0ln5O00vAWe5FEmUUst
Some Kind of Blue,0sCvaaDl050bZZ4guEhvWX,Random Album Title (Unmixed Extended Versions),1vN0ln5O00vAWe5FEmUUst
Brazil - 2nd Edit,0BtZvJ0E3xeixsu2bM3fkX,Random Album Title (Unmixed Extended Versions),1vN0ln5O00vAWe5FEmUUst
Alone With You,3iahKmFQqrOYY8irZ7tH3Q,Random Album Title (Unmixed Extended Versions),1vN0ln5O00vAWe5FEmUUst
I Remember - Vocal Mix,24oJ33zUPIfFXVfc39g7E6,Random Album Title (Unmixed Extended Versions),1vN0ln5O00vAWe5FEmUUst
Faxing Berlin,7li2kt1AUccZXYu6eEYcXw,Random Album Title (Unmixed Extended Versions),1vN0ln5O00vAWe5FEmUUst
Not Exactly,0lTozVfAixDX4RV9ThcdOd,Random Album Title (Unmixed Extended Versions),1vN0ln5O00vAWe5FEmUUst
So There I Was,3BcwWoWWQh18m6VkS2dDvN,Random Album Title (Unmixed Extended Versions),1vN0ln5O00vAWe5FEmUUst
1981 - Original Mix,64f0ZEEjomi5ASN6EBEknB,Vexillology,3vGRamVI58koddmLcfX6mn
Bounce - Original Mix,4itWMYVZbz0iOjinjQyFCw,Vexillology,3vGRamVI58koddmLcfX6mn
Dr. Funkenstein - Original Mix,53bfc8dQTun8js73lq2X2o,Vexillology,3vGRamVI58koddmLcfX6mn
Fustercluck - Original Mix,2bgHJ7px0RRYzP6pWkD4Kg,Vexillology,3vGRamVI58koddmLcfX6mn
Lai - Original Mix,4KxUFGc6OEOgqextOc6ntq,Vexillology,3vGRamVI58koddmLcfX6mn
Orca - Original Mix,0kFFOxDfciLUvja22Vfkwn,Vexillology,3vGRamVI58koddmLcfX6mn
Plus - Original Mix,5ufgN3GDL4jiea5qmeVX72,Vexillology,3vGRamVI58koddmLcfX6mn
Apply Overnight - Original Mix,7CfQZ7dksyzWrfKRVJ2qka,Vexillology,3vGRamVI58koddmLcfX6mn
TL7 - Original Mix,5wNR8zgSqMwJUtMEbyhd61,Vexillology,3vGRamVI58koddmLcfX6mn
Trepid - Original Mix,56oBq8ZZHWe9fMo9OwrtXb,Vexillology,3vGRamVI58koddmLcfX6mn
4ware,1ROBixGgXrYlcCcrBfxAoy,W:/2016ALBUM/,1m1V83RrHAsSfmmM8aKy0x
2448,4mM9KHvLoA3hkxznu9DOyI,W:/2016ALBUM/,1m1V83RrHAsSfmmM8aKy0x
Cat Thruster,3Y5ixjN9T004oqFISs4okQ,W:/2016ALBUM/,1m1V83RrHAsSfmmM8aKy0x
Deus Ex Machina,4Uo8BWsiAGbxBdA5ysleKY,W:/2016ALBUM/,1m1V83RrHAsSfmmM8aKy0x
Glish,6mBP1Yoeh1Zz7RO2DB51MA,W:/2016ALBUM/,1m1V83RrHAsSfmmM8aKy0x
Imaginary Friends,0WzpqM6GqbVm6zQ2qeqDEW,W:/2016ALBUM/,1m1V83RrHAsSfmmM8aKy0x
Let Go,5gCGQlfEofp2Zxz5ZjJAa9,W:/2016ALBUM/,1m1V83RrHAsSfmmM8aKy0x
No Problem,4hP5iSMPYX5yqa2PjMVmVf,W:/2016ALBUM/,1m1V83RrHAsSfmmM8aKy0x
Snowcone,1N31Wy2PWz5HvCzMbff3mO,W:/2016ALBUM/,1m1V83RrHAsSfmmM8aKy0x
Three Pound Chicken Wing,4V5LPHyAOcUERXXD2NngT5,W:/2016ALBUM/,1m1V83RrHAsSfmmM8aKy0x
Whelk Then,3C2EoVLfPVajaocjUBlooV,W:/2016ALBUM/,1m1V83RrHAsSfmmM8aKy0x
Let Go - Extended Edit,6sxDe87etUDtY31ahvkKHJ,W:/2016ALBUM/,1m1V83RrHAsSfmmM8aKy0x
imaginary friends - ov,6vx0xD9tCnPhbOdC1s0cHM,where's the drop?,4CJz7SiuYgxGPQSk4RMXBc
luxuria - ov,5SlAPJoNedio2CPGFdmpvL,where's the drop?,4CJz7SiuYgxGPQSk4RMXBc
coelacanth - ov,2hdIKK4eU9AwEgA6mNjUXU,where's the drop?,4CJz7SiuYgxGPQSk4RMXBc
acedia - ov,72PZLtES7gJOlymQn7H86V,where's the drop?,4CJz7SiuYgxGPQSk4RMXBc
avaritia - ov,0ZNqAg01P4D9R3IMmG7CJc,where's the drop?,4CJz7SiuYgxGPQSk4RMXBc
monophobia - ov,11PsvksHKqh7SOP7dS2hMp,where's the drop?,4CJz7SiuYgxGPQSk4RMXBc
gula - ov,3SeFg0mihdr6iH8agPQahm,where's the drop?,4CJz7SiuYgxGPQSk4RMXBc
invidia - ov,782N59lCovH7FkdZZNV0d7,where's the drop?,4CJz7SiuYgxGPQSk4RMXBc
unjaded - ov,69Y4sn07xHJMoND80sHAAe,where's the drop?,4CJz7SiuYgxGPQSk4RMXBc
ira - ov,0TJTmR7pTFgdZbWZhRZY2M,where's the drop?,4CJz7SiuYgxGPQSk4RMXBc
fn pig - ov,4XlzjSmCgEk5HdZ0OPJetk,where's the drop?,4CJz7SiuYgxGPQSk4RMXBc
hr 8938 cephei - ov,2s1f3dl0hCdCCgriQDZKry,where's the drop?,4CJz7SiuYgxGPQSk4RMXBc
superbia - ov,49qDlFApY9m5d1Zcbrl2O3,where's the drop?,4CJz7SiuYgxGPQSk4RMXBc
caritas - ov,0sbIMtV6UXjDIrgJ1nxZcj,where's the drop?,4CJz7SiuYgxGPQSk4RMXBc
strobe - ov,7rHLdW9JCTxj7yIFafHqRo,where's the drop?,4CJz7SiuYgxGPQSk4RMXBc
Avaritia,2KNsflubHgQQJJ1KEGvFNv,while(1<2),7iDqcnIHjisPl2Yf4hsf8f
Coelacanth I,6XFXHgc3CD7nszHtvjr0yE,while(1<2),7iDqcnIHjisPl2Yf4hsf8f
Ice Age - deadmau5 Remix,12PIhL6KLVMGnX6SmlyOvb,while(1<2),7iDqcnIHjisPl2Yf4hsf8f
My Pet Coelacanth,4us2cGJbSau6MVxFPPDe7j,while(1<2),7iDqcnIHjisPl2Yf4hsf8f
Infra Turbo Pigcart Racer,7j53PiG5cA3UY4sdVE5yza,while(1<2),7iDqcnIHjisPl2Yf4hsf8f
Terrors In My Head,215n5gfuE3h6avJiXRH2OD,while(1<2),7iDqcnIHjisPl2Yf4hsf8f
Creep,0hHnpTWYRB9AC7bxhPAIag,while(1<2),7iDqcnIHjisPl2Yf4hsf8f
Somewhere Up Here,3ualuTwv9HDUZZ6tBFqxLK,while(1<2),7iDqcnIHjisPl2Yf4hsf8f
Phantoms Can't Hang,2EydF6Rt3KjWk6fDXsqihQ,while(1<2),7iDqcnIHjisPl2Yf4hsf8f
Gula,5UGae4LudLuP1lfXE6Xhkf,while(1<2),7iDqcnIHjisPl2Yf4hsf8f
Acedia,3gJPpmbWgNcbi7O1Q3wfyH,while(1<2),7iDqcnIHjisPl2Yf4hsf8f
Invidia,0b87ACuSd5BBWlDGXJOObD,while(1<2),7iDqcnIHjisPl2Yf4hsf8f
Errors In My Bread,3PvfXEleJqKIoIseJoncb6,while(1<2),7iDqcnIHjisPl2Yf4hsf8f
Survivalism - deadmau5 Remix,0D0Q1N0LQdXVczSOn3li9m,while(1<2),7iDqcnIHjisPl2Yf4hsf8f
Silent Picture,6YwZWFb4g9tWw0miyxCmLE,while(1<2),7iDqcnIHjisPl2Yf4hsf8f
Rlyehs Lament,1OhptSUDTg3ES6gi0zBS1m,while(1<2),7iDqcnIHjisPl2Yf4hsf8f
Superbia,1uJAbxtkwfTkpEQcuFV2AY,while(1<2),7iDqcnIHjisPl2Yf4hsf8f
Mercedes,6cz32tKqP3YxLQLcOAyAsQ,while(1<2),7iDqcnIHjisPl2Yf4hsf8f
Bleed,5L5VSFuMw19b9AMXMfSn8l,while(1<2),7iDqcnIHjisPl2Yf4hsf8f
Ira,5hgJ3194iy7Gx2hbG1bDzf,while(1<2),7iDqcnIHjisPl2Yf4hsf8f
Monday,1S1wiIdLVjgcptcGWEPuC8,while(1<2),7iDqcnIHjisPl2Yf4hsf8f
A Moment To Myself,645rOk1jVplb5i2vVHWxxx,while(1<2),7iDqcnIHjisPl2Yf4hsf8f
Pets,1orqppWOgid8LIp3X2dUIg,while(1<2),7iDqcnIHjisPl2Yf4hsf8f
Coelacanth II,0N4b8aTriH2Js2ONe0vj93,while(1<2),7iDqcnIHjisPl2Yf4hsf8f
Seeya,7fI68tGykUE5DosLnVASDA,while(1<2),7iDqcnIHjisPl2Yf4hsf8f
